group,file,src,n,entropy,coverage,complete_turns,turns_cw,turns_ccw,net_turns,filter_mode,keep
1surface,/mnt/disk1/rec_results_v3/1surface/rec100_ORI_V4_FIRST30_MASK_20260727_122043/hdMetrics_20260727_122043.mat,/mnt/disk1/rec_results_v3/1surface/rec100_ORI_V4_FIRST30_MASK_20260727_122043/rec100_sf_7d_tf_video085DLC_Resnet50_TAIL_V2Apr15shuffle2_snapshot_200_swimResults_pass2.mat :: pass2FileResult.heading_est,464412,0.678585953769993,0.472222222222222,1,0,1,1.26765373995929,complete_turns,1
1surface,/mnt/disk1/rec_results_v3/1surface/rec102_ORI_V4_FIRST30_MASK_20260727_131513/hdMetrics_20260727_131513.mat,/mnt/disk1/rec_results_v3/1surface/rec102_ORI_V4_FIRST30_MASK_20260727_131513/rec102_sf_7d_tf_video093DLC_Resnet50_TAIL_V2Apr15shuffle2_snapshot_200_swimResults_pass2.mat :: pass2FileResult.heading_est,464160,0.850707929309757,0.805555555555556,1,1,0,-1.84301396443593,complete_turns,1
1surface,/mnt/disk1/rec_results_v3/1surface/rec107_ORI_V4_FIRST30_MASK_20260729_200839/hdMetrics_20260729_200839.mat,/mnt/disk1/rec_results_v3/1surface/rec107_ORI_V4_FIRST30_MASK_20260729_200839/rec107_sf_7d_tf_video097DLC_Resnet50_TAIL_V2Apr15shuffle2_snapshot_200_swimResults_pass2.mat :: pass2FileResult.heading_est,464366,0.887608911351289,0.916666666666667,2,2,0,-2.7759809566081,complete_turns,1
1surface,/mnt/disk1/rec_results_v3/1surface/rec128_ORI_V4_FIRST30_MASK_20260727_103833/hdMetrics_20260727_103833.mat,/mnt/disk1/rec_results_v3/1surface/rec128_ORI_V4_FIRST30_MASK_20260727_103833/rec128_sf_tf_7d_video124DLC_Resnet50_TAIL_V2Apr15shuffle2_snapshot_200_swimResults_pass2.mat :: pass2FileResult.heading_est,464386,0.616677302437476,0.694444444444444,1,1,0,-1.07313975081393,complete_turns,1
1surface,/mnt/disk1/rec_results_v3/1surface/rec130_ORI_V4_FIRST30_MASK_20260723_183810/hdMetrics_20260723_183810.mat,/mnt/disk1/rec_results_v3/1surface/rec130_ORI_V4_FIRST30_MASK_20260723_183810/rec130_sf_tf_7d_video126DLC_Resnet50_TAIL_V2Apr15shuffle2_snapshot_200_swimResults_pass2.mat :: pass2FileResult.heading_est,463946,0.885279257761098,0.972222222222222,5,3,2,-1.73421201218698,complete_turns,1
1surface,/mnt/disk1/rec_results_v3/1surface/rec131_ORI_V4_FIRST30_MASK_20260723_184009/hdMetrics_20260723_184009.mat,/mnt/disk1/rec_results_v3/1surface/rec131_ORI_V4_FIRST30_MASK_20260723_184009/rec131_sf_tf_1_shock_10d_video135DLC_Resnet50_TAIL_V2Apr15shuffle2_snapshot_200_swimResults_pass2.mat :: pass2FileResult.heading_est,913855,0.968219732622552,1,9,9,0,-9.16604867300279,complete_turns,1
1surface,/mnt/disk1/rec_results_v3/1surface/rec132_ORI_V4_FIRST30_MASK_20260727_104342/hdMetrics_20260727_104342.mat,/mnt/disk1/rec_results_v3/1surface/rec132_ORI_V4_FIRST30_MASK_20260727_104342/rec132_sf_tf_1_shock_10d_video136DLC_Resnet50_TAIL_V2Apr15shuffle2_snapshot_200_swimResults_pass2.mat :: pass2FileResult.heading_est,914283,0.962336252065485,1,8,8,0,-8.50633990647396,complete_turns,1
1surface,/mnt/disk1/rec_results_v3/1surface/rec134_ORI_V4_FIRST30_MASK_20260723_184239/hdMetrics_20260723_184239.mat,/mnt/disk1/rec_results_v3/1surface/rec134_ORI_V4_FIRST30_MASK_20260723_184239/rec134_sf_tf_1_shock_10d_video138DLC_Resnet50_TAIL_V2Apr15shuffle2_snapshot_200_swimResults_pass2.mat :: pass2FileResult.heading_est,877922,0.943210108743413,1,4,2,2,0.170696476167869,complete_turns,1
1surface,/mnt/disk1/rec_results_v3/1surface/rec144_ORI_V4_FIRST30_MASK_20260729_194637/hdMetrics_20260729_194637.mat,/mnt/disk1/rec_results_v3/1surface/rec144_ORI_V4_FIRST30_MASK_20260729_194637/rec144_surface_video004DLC_Resnet50_TAIL_V2Apr15shuffle2_snapshot_200_swimResults_pass2.mat :: pass2FileResult.heading_est,913956,0.879469832442635,0.972222222222222,1,1,0,-1.70522123867649,complete_turns,1
1surface,/mnt/disk1/rec_results_v3/1surface/rec34_ORI_V4_FIRST30_MASK_20260727_112833/hdMetrics_20260727_112833.mat,/mnt/disk1/rec_results_v3/1surface/rec34_ORI_V4_FIRST30_MASK_20260727_112833/rec34_sf_tf_6d_rec34_video020DLC_Resnet50_TAIL_V2Apr15shuffle1_snapshot_200_swimResults_pass2.mat :: pass2FileResult.heading_est,464150,0.717185913004751,0.527777777777778,1,1,0,-1.02337887926996,complete_turns,1
1surface,/mnt/disk1/rec_results_v3/1surface/rec35_ORI_V4_FIRST30_MASK_20260724_102238/hdMetrics_20260724_102238.mat,/mnt/disk1/rec_results_v3/1surface/rec35_ORI_V4_FIRST30_MASK_20260724_102238/rec35_sf_tf_6d__rec35_video021DLC_Resnet50_TAIL_V2Apr15shuffle1_snapshot_200_swimResults_pass2.mat :: pass2FileResult.heading_est,463440,0.815309966229636,0.861111111111111,3,3,0,-3.08927338944585,complete_turns,1
1surface,/mnt/disk1/rec_results_v3/1surface/rec48_ORI_V4_FIRST30_MASK_20260727_113716/hdMetrics_20260727_113716.mat,/mnt/disk1/rec_results_v3/1surface/rec48_ORI_V4_FIRST30_MASK_20260727_113716/rec48_sf_tf_7d_rec48_video049DLC_Resnet50_TAIL_V2Apr15shuffle1_snapshot_200_swimResults_pass2.mat :: pass2FileResult.heading_est,464122,0.713952036527086,0.666666666666667,2,0,2,2.93516669904786,complete_turns,1
1surface,/mnt/disk1/rec_results_v3/1surface/rec53_ORI_V4_FIRST30_MASK_20260727_114429/hdMetrics_20260727_114429.mat,/mnt/disk1/rec_results_v3/1surface/rec53_ORI_V4_FIRST30_MASK_20260727_114429/rec53_sf_tf_9d_rec53_video009DLC_Resnet50_TAIL_V2Apr15shuffle1_snapshot_200_swimResults_pass2.mat :: pass2FileResult.heading_est,460206,0.599508733741259,0.444444444444444,1,0,1,1.28046480841552,complete_turns,1
1surface,/mnt/disk1/rec_results_v3/1surface/rec94_ORI_V4_FIRST30_MASK_20260727_120841/hdMetrics_20260727_120841.mat,/mnt/disk1/rec_results_v3/1surface/rec94_ORI_V4_FIRST30_MASK_20260727_120841/rec94_sf_6d_video079DLC_Resnet50_TAIL_V2Apr15shuffle2_snapshot_200_swimResults_pass2.mat :: pass2FileResult.heading_est,464348,0.63128415887185,0.5,1,1,0,-1.13391238486565,complete_turns,1
1surface,/mnt/disk1/rec_results_v3/1surface/rec96_ORI_V4_FIRST30_MASK_20260724_103629/hdMetrics_20260724_103629.mat,/mnt/disk1/rec_results_v3/1surface/rec96_ORI_V4_FIRST30_MASK_20260724_103629/rec96_sf_7d_tf_video081DLC_Resnet50_TAIL_V2Apr15shuffle2_snapshot_200_swimResults_pass2.mat :: pass2FileResult.heading_est,464318,0.90016861498099,0.916666666666667,4,3,1,-2.15676707724688,complete_turns,1
1surface,/mnt/disk1/rec_results_v3/1surface/rec97_ORI_V4_FIRST30_MASK_20260727_121240/hdMetrics_20260727_121240.mat,/mnt/disk1/rec_results_v3/1surface/rec97_ORI_V4_FIRST30_MASK_20260727_121240/rec97_sf_7d_tf_video082DLC_Resnet50_TAIL_V2Apr15shuffle2_snapshot_200_swimResults_pass2.mat :: pass2FileResult.heading_est,464368,0.524003354415927,0.472222222222222,1,0,1,1.16801116128448,complete_turns,1
1surface,/mnt/disk1/rec_results_v3/1surface/rec99_ORI_V4_FIRST30_MASK_20260727_121822/hdMetrics_20260727_121822.mat,/mnt/disk1/rec_results_v3/1surface/rec99_ORI_V4_FIRST30_MASK_20260727_121822/rec99_sf_7d_tf_video084DLC_Resnet50_TAIL_V2Apr15shuffle2_snapshot_200_swimResults_pass2.mat :: pass2FileResult.heading_est,449513,0.686686981094574,0.611111111111111,3,3,0,-3.29959571790984,complete_turns,1
2molino,/mnt/disk1/rec_results_v3/2molino/rec120_ORI_V4_FIRST30_MASK_20260727_102511/hdMetrics_20260727_102511.mat,/mnt/disk1/rec_results_v3/2molino/rec120_ORI_V4_FIRST30_MASK_20260727_102511/rec120_molino_6d_tf_1_shock_video116DLC_Resnet50_TAIL_V2Apr15shuffle2_snapshot_200_swimResults_pass2.mat :: pass2FileResult.heading_est,1814069,0.961290346107284,1,4,4,0,-4.6028512788873,complete_turns,1
2molino,/mnt/disk1/rec_results_v3/2molino/rec121_ORI_V4_FIRST30_MASK_20260727_102747/hdMetrics_20260727_102747.mat,/mnt/disk1/rec_results_v3/2molino/rec121_ORI_V4_FIRST30_MASK_20260727_102747/rec121_molino_6d_tf_1_shock_ok_video117DLC_Resnet50_TAIL_V2Apr15shuffle2_snapshot_200_swimResults_pass2.mat :: pass2FileResult.heading_est,1814377,0.927526194406489,1,1,1,0,-1.21456817491419,complete_turns,1
2molino,/mnt/disk1/rec_results_v3/2molino/rec122_ORI_V4_FIRST30_MASK_20260727_102941/hdMetrics_20260727_102941.mat,/mnt/disk1/rec_results_v3/2molino/rec122_ORI_V4_FIRST30_MASK_20260727_102941/rec122_molino_6d_tf_1_shock_ok_video118DLC_Resnet50_TAIL_V2Apr15shuffle2_snapshot_200_swimResults_pass2.mat :: pass2FileResult.heading_est,1814239,0.893247912780414,1,1,1,0,-1.05885676845236,complete_turns,1
2molino,/mnt/disk1/rec_results_v3/2molino/rec124_ORI_V4_FIRST30_MASK_20260727_103141/hdMetrics_20260727_103141.mat,/mnt/disk1/rec_results_v3/2molino/rec124_ORI_V4_FIRST30_MASK_20260727_103141/rec124_molino_6d_tf_1_shock_ok_video120DLC_Resnet50_TAIL_V2Apr15shuffle2_snapshot_200_swimResults_pass2.mat :: pass2FileResult.heading_est,1814043,0.950982739578095,1,9,9,0,-9.41668270207581,complete_turns,1
2molino,/mnt/disk1/rec_results_v3/2molino/rec12_ORI_V4_FIRST30_MASK_20260724_111025/hdMetrics_20260724_111025.mat,/mnt/disk1/rec_results_v3/2molino/rec12_ORI_V4_FIRST30_MASK_20260724_111025/rec12_molino_tf_7d_rec12_video031_output_rotadoDLC_Resnet50_TAIL_V2Apr15shuffle2_snapshot_200_swimResults_pass2.mat :: pass2FileResult.heading_est,463835,0.92767143762205,1,1,1,0,-1.63281511366033,complete_turns,1
2molino,/mnt/disk1/rec_results_v3/2molino/rec13_ORI_V4_FIRST30_MASK_20260727_110401/hdMetrics_20260727_110401.mat,/mnt/disk1/rec_results_v3/2molino/rec13_ORI_V4_FIRST30_MASK_20260727_110401/rec13_molino_tf_7d_rec13_video032DLC_Resnet50_TAIL_V2Apr15shuffle1_snapshot_200_swimResults_pass2.mat :: pass2FileResult.heading_est,464229,0.866108172001287,1,2,2,0,-2.37811178451264,complete_turns,1
2molino,/mnt/disk1/rec_results_v3/2molino/rec141_ORI_V4_FIRST30_MASK_20260724_134727/hdMetrics_20260724_134727.mat,/mnt/disk1/rec_results_v3/2molino/rec141_ORI_V4_FIRST30_MASK_20260724_134727/rec141_molino_7d_tf_1shock_video148DLC_Resnet50_TAIL_V2Apr15shuffle2_snapshot_200_swimResults_pass2.mat :: pass2FileResult.heading_est,914276,0.824284632552379,1,2,0,2,2.1884704134114,complete_turns,1
2molino,/mnt/disk1/rec_results_v3/2molino/rec142_ORI_V4_FIRST30_MASK_20260724_135048/hdMetrics_20260724_135048.mat,/mnt/disk1/rec_results_v3/2molino/rec142_ORI_V4_FIRST30_MASK_20260724_135048/rec142_molino_7d_tf_1shock_video149DLC_Resnet50_TAIL_V2Apr15shuffle2_snapshot_200_swimResults_pass2.mat :: pass2FileResult.heading_est,914276,0.879303666681499,0.972222222222222,1,1,0,-1.13130561492971,complete_turns,1
2molino,/mnt/disk1/rec_results_v3/2molino/rec143_ORI_V4_FIRST30_MASK_20260724_135331/hdMetrics_20260724_135331.mat,/mnt/disk1/rec_results_v3/2molino/rec143_ORI_V4_FIRST30_MASK_20260724_135331/rec143_molino_7d_tf_1shock_video150DLC_Resnet50_TAIL_V2Apr15shuffle2_snapshot_200_swimResults_pass2.mat :: pass2FileResult.heading_est,914393,0.943310114085849,1,2,0,2,2.90589281117332,complete_turns,1
2molino,/mnt/disk1/rec_results_v3/2molino/rec23_ORI_V4_FIRST30_MASK_20260724_111328/hdMetrics_20260724_111328.mat,/mnt/disk1/rec_results_v3/2molino/rec23_ORI_V4_FIRST30_MASK_20260724_111328/rec23_molino_tf_7d__rec23_video009DLC_Resnet50_TAIL_V2Apr15shuffle1_snapshot_200_swimResults_pass2.mat :: pass2FileResult.heading_est,462908,0.978310771467013,1,21,21,0,-21.005466777523,complete_turns,1
2molino,/mnt/disk1/rec_results_v3/2molino/rec25_ORI_V4_FIRST30_MASK_20260724_112103/hdMetrics_20260724_112103.mat,/mnt/disk1/rec_results_v3/2molino/rec25_ORI_V4_FIRST30_MASK_20260724_112103/rec25_molino_tf_7d_rec25_video011DLC_Resnet50_TAIL_V2Apr15shuffle1_snapshot_200_swimResults_pass2.mat :: pass2FileResult.heading_est,464535,0.924727541205018,1,1,1,0,-1.84771366002635,complete_turns,1
2molino,/mnt/disk1/rec_results_v3/2molino/rec26_ORI_V4_FIRST30_MASK_20260724_112703/hdMetrics_20260724_112703.mat,/mnt/disk1/rec_results_v3/2molino/rec26_ORI_V4_FIRST30_MASK_20260724_112703/rec26_molino_tf_7d_rec26_video012DLC_Resnet50_TAIL_V2Apr15shuffle1_snapshot_200_swimResults_pass2.mat :: pass2FileResult.heading_est,392574,0.728030720289457,0.916666666666667,1,0,1,1.01849068514025,complete_turns,1
2molino,/mnt/disk1/rec_results_v3/2molino/rec49_ORI_V4_FIRST30_MASK_20260724_112933/hdMetrics_20260724_112933.mat,/mnt/disk1/rec_results_v3/2molino/rec49_ORI_V4_FIRST30_MASK_20260724_112933/rec49_molino_tf_8d_rec49_video003DLC_Resnet50_TAIL_V2Apr15shuffle1_snapshot_200_swimResults_pass2.mat :: pass2FileResult.heading_est,464449,0.934423760083707,1,2,0,2,2.53187090275755,complete_turns,1
2molino,/mnt/disk1/rec_results_v3/2molino/rec77_ORI_V4_FIRST30_MASK_20260724_113142/hdMetrics_20260724_113142.mat,/mnt/disk1/rec_results_v3/2molino/rec77_ORI_V4_FIRST30_MASK_20260724_113142/rec77_molino_tf_7d_video062DLC_Resnet50_TAIL_V2Apr15shuffle1_snapshot_200_swimResults_pass2.mat :: pass2FileResult.heading_est,464953,0.726903289088473,0.722222222222222,1,1,0,-1.6874595700998,complete_turns,1
2molino,/mnt/disk1/rec_results_v3/2molino/rec80_ORI_V4_FIRST30_MASK_20260724_113356/hdMetrics_20260724_113356.mat,/mnt/disk1/rec_results_v3/2molino/rec80_ORI_V4_FIRST30_MASK_20260724_113356/rec80_molino_tf_7d_video065DLC_Resnet50_TAIL_V2Apr15shuffle1_snapshot_200_swimResults_pass2.mat :: pass2FileResult.heading_est,464827,0.923007687163001,1,2,0,2,2.04461089725885,complete_turns,1
2molino,/mnt/disk1/rec_results_v3/2molino/rec82_ORI_V4_FIRST30_MASK_20260724_113737/hdMetrics_20260724_113737.mat,/mnt/disk1/rec_results_v3/2molino/rec82_ORI_V4_FIRST30_MASK_20260724_113737/rec82_molino_tf_7d_video067DLC_Resnet50_TAIL_V2Apr15shuffle1_snapshot_200_swimResults_pass2.mat :: pass2FileResult.heading_est,464185,0.944081006580166,1,3,0,3,3.77310376573591,complete_turns,1
3pachon,/mnt/disk1/rec_results_v3/3pachon/rec05_ORI_V4_FIRST30_MASK_20260724_113945/hdMetrics_20260724_113945.mat,/mnt/disk1/rec_results_v3/3pachon/rec05_ORI_V4_FIRST30_MASK_20260724_113945/rec05_pachon_tf_7d_rec05_video021DLC_Resnet50_TAIL_V2Apr15shuffle2_snapshot_200_swimResults_pass2.mat :: pass2FileResult.heading_est,463323,0.881789679400356,1,3,3,0,-3.72523875483684,complete_turns,1
3pachon,/mnt/disk1/rec_results_v3/3pachon/rec06_ORI_V4_FIRST30_MASK_20260724_114136/hdMetrics_20260724_114136.mat,/mnt/disk1/rec_results_v3/3pachon/rec06_ORI_V4_FIRST30_MASK_20260724_114136/rec06_pachon_tf_7d_rec06_video022_output_rotadoDLC_Resnet50_TAIL_V2Apr15shuffle2_snapshot_200_swimResults_pass2.mat :: pass2FileResult.heading_est,463881,0.843089769368208,0.972222222222222,1,0,1,1.25456937430209,complete_turns,1
3pachon,/mnt/disk1/rec_results_v3/3pachon/rec07_ORI_V4_FIRST30_MASK_20260724_115018/hdMetrics_20260724_115018.mat,/mnt/disk1/rec_results_v3/3pachon/rec07_ORI_V4_FIRST30_MASK_20260724_115018/rec07_pachon_tf_8d__rec07_video023DLC_Resnet50_TAIL_V2Apr15shuffle1_snapshot_200_swimResults_pass2.mat :: pass2FileResult.heading_est,614219,0.910674460655615,1,9,0,9,9.47107474366328,complete_turns,1
3pachon,/mnt/disk1/rec_results_v3/3pachon/rec109_ORI_V4_FIRST30_MASK_20260724_135743/hdMetrics_20260724_135743.mat,/mnt/disk1/rec_results_v3/3pachon/rec109_ORI_V4_FIRST30_MASK_20260724_135743/rec109_pachon_6d_tf_shocks_video102DLC_Resnet50_TAIL_V2Apr15shuffle2_snapshot_200_swimResults_pass2.mat :: pass2FileResult.heading_est,913981,0.955760443525192,1,12,0,12,12.6767960507044,complete_turns,1
3pachon,/mnt/disk1/rec_results_v3/3pachon/rec110_ORI_V4_FIRST30_MASK_20260724_140251/hdMetrics_20260724_140251.mat,/mnt/disk1/rec_results_v3/3pachon/rec110_ORI_V4_FIRST30_MASK_20260724_140251/rec110_pachon_7d_shocks_video103DLC_Resnet50_TAIL_V2Apr15shuffle2_snapshot_200_swimResults_pass2.mat :: pass2FileResult.heading_est,914023,0.997902965860877,1,92,90,2,-88.4292897793835,complete_turns,1
3pachon,/mnt/disk1/rec_results_v3/3pachon/rec113_ORI_V4_FIRST30_MASK_20260724_141038/hdMetrics_20260724_141038.mat,/mnt/disk1/rec_results_v3/3pachon/rec113_ORI_V4_FIRST30_MASK_20260724_141038/rec113_pachon_7d_shocks_video107DLC_Resnet50_TAIL_V2Apr15shuffle2_snapshot_200_swimResults_pass2.mat :: pass2FileResult.heading_est,914246,0.782107898483392,0.722222222222222,1,1,0,-1.4813100907314,complete_turns,1
3pachon,/mnt/disk1/rec_results_v3/3pachon/rec114_ORI_V4_FIRST30_MASK_20260724_141825/hdMetrics_20260724_141825.mat,/mnt/disk1/rec_results_v3/3pachon/rec114_ORI_V4_FIRST30_MASK_20260724_141825/rec114_pachon_7d_shocks_video108DLC_Resnet50_TAIL_V2Apr15shuffle2_snapshot_200_swimResults_pass2.mat :: pass2FileResult.heading_est,914284,0.904007423446142,1,1,0,1,1.39911739587697,complete_turns,1
3pachon,/mnt/disk1/rec_results_v3/3pachon/rec115_ORI_V4_FIRST30_MASK_20260724_144954/hdMetrics_20260724_144954.mat,/mnt/disk1/rec_results_v3/3pachon/rec115_ORI_V4_FIRST30_MASK_20260724_144954/rec115_pachon_8d_shocks_video110DLC_Resnet50_TAIL_V2Apr15shuffle2_snapshot_200_swimResults_pass2.mat :: pass2FileResult.heading_est,914305,0.970150152759398,1,11,11,0,-11.7269551489222,complete_turns,1
3pachon,/mnt/disk1/rec_results_v3/3pachon/rec116_ORI_V4_FIRST30_MASK_20260724_145638/hdMetrics_20260724_145638.mat,/mnt/disk1/rec_results_v3/3pachon/rec116_ORI_V4_FIRST30_MASK_20260724_145638/rec116_pachon_8d_shocks_video111DLC_Resnet50_TAIL_V2Apr15shuffle2_snapshot_200_swimResults_pass2.mat :: pass2FileResult.heading_est,913622,0.968145274573395,1,4,0,4,4.8240007748207,complete_turns,1
3pachon,/mnt/disk1/rec_results_v3/3pachon/rec117_ORI_V4_FIRST30_MASK_20260728_113829/hdMetrics_20260728_113829.mat,/mnt/disk1/rec_results_v3/3pachon/rec117_ORI_V4_FIRST30_MASK_20260728_113829/rec117_pachon_8d_shocks_video112DLC_Resnet50_TAIL_V2Apr15shuffle2_snapshot_200_swimResults_pass2.mat :: pass2FileResult.heading_est,914215,0.954602488966257,1,11,0,11,11.0230324127809,complete_turns,1
3pachon,/mnt/disk1/rec_results_v3/3pachon/rec137_ORI_V4_FIRST30_MASK_20260724_151329/hdMetrics_20260724_151329.mat,/mnt/disk1/rec_results_v3/3pachon/rec137_ORI_V4_FIRST30_MASK_20260724_151329/rec137_pachon_tf_6d_1shock_video142DLC_Resnet50_TAIL_V2Apr15shuffle2_snapshot_200_swimResults_pass2.mat :: pass2FileResult.heading_est,914410,0.870132419228227,0.833333333333333,2,0,2,2.32038220642366,complete_turns,1
3pachon,/mnt/disk1/rec_results_v3/3pachon/rec140_ORI_V4_FIRST30_MASK_20260724_151553/hdMetrics_20260724_151553.mat,/mnt/disk1/rec_results_v3/3pachon/rec140_ORI_V4_FIRST30_MASK_20260724_151553/rec140_pachon_6d_f3_tf_video147DLC_Resnet50_TAIL_V2Apr15shuffle2_snapshot_200_swimResults_pass2.mat :: pass2FileResult.heading_est,464161,0.960191907507007,1,3,3,0,-3.88887098257801,complete_turns,1
3pachon,/mnt/disk1/rec_results_v3/3pachon/rec15_ORI_V4_FIRST30_MASK_20260724_115353/hdMetrics_20260724_115353.mat,/mnt/disk1/rec_results_v3/3pachon/rec15_ORI_V4_FIRST30_MASK_20260724_115353/rec15_pachon_tf_7d_rec15_video34_output_rotadoDLC_Resnet50_TAIL_V2Apr15shuffle2_snapshot_200_swimResults_pass2.mat :: pass2FileResult.heading_est,463845,0.851340639100214,0.833333333333333,2,2,0,-2.1411989023066,complete_turns,1
3pachon,/mnt/disk1/rec_results_v3/3pachon/rec37_ORI_V4_FIRST30_MASK_20260724_125924/hdMetrics_20260724_125924.mat,/mnt/disk1/rec_results_v3/3pachon/rec37_ORI_V4_FIRST30_MASK_20260724_125924/rec37_pachon_tf_7d__rec37_video024DLC_Resnet50_TAIL_V2Apr15shuffle1_snapshot_200_swimResults_pass2.mat :: pass2FileResult.heading_est,463849,0.939612162906425,1,3,3,0,-3.1193164704872,complete_turns,1
3pachon,/mnt/disk1/rec_results_v3/3pachon/rec38_ORI_V4_FIRST30_MASK_20260727_125656/hdMetrics_20260727_125656.mat,/mnt/disk1/rec_results_v3/3pachon/rec38_ORI_V4_FIRST30_MASK_20260727_125656/rec38_pachon_tf_7d_rec38_video026DLC_Resnet50_TAIL_V2Apr15shuffle1_snapshot_200_swimResults_pass2.mat :: pass2FileResult.heading_est,464500,0.851189091512069,0.888888888888889,2,0,2,2.28695896857443,complete_turns,1
3pachon,/mnt/disk1/rec_results_v3/3pachon/rec39_ORI_V4_FIRST30_MASK_20260727_113050/hdMetrics_20260727_113050.mat,/mnt/disk1/rec_results_v3/3pachon/rec39_ORI_V4_FIRST30_MASK_20260727_113050/rec39_pachon_tf_6d_rec39_video028DLC_Resnet50_TAIL_V2Apr15shuffle1_snapshot_200_swimResults_pass2.mat :: pass2FileResult.heading_est,463700,0.624708537617199,0.75,1,0,1,0.740327595561449,complete_turns,1
3pachon,/mnt/disk1/rec_results_v3/3pachon/rec40_ORI_V4_FIRST30_MASK_20260724_130806/hdMetrics_20260724_130806.mat,/mnt/disk1/rec_results_v3/3pachon/rec40_ORI_V4_FIRST30_MASK_20260724_130806/rec40_pachon_tf_7d__rec40_video032DLC_Resnet50_TAIL_V2Apr15shuffle1_snapshot_200_swimResults_pass2.mat :: pass2FileResult.heading_est,463982,0.93791441027261,1,3,3,0,-3.04113210074003,complete_turns,1
3pachon,/mnt/disk1/rec_results_v3/3pachon/rec42_ORI_V4_FIRST30_MASK_20260727_130011/hdMetrics_20260727_130011.mat,/mnt/disk1/rec_results_v3/3pachon/rec42_ORI_V4_FIRST30_MASK_20260727_130011/rec42_pachon_tf_7d_video038DLC_Resnet50_TAILDec3shuffle2_snapshot_200_swimResults_pass2.mat :: pass2FileResult.heading_est,463727,0.849738872456561,0.944444444444444,2,2,0,-2.64796499255884,complete_turns,1
3pachon,/mnt/disk1/rec_results_v3/3pachon/rec43_ORI_V4_FIRST30_MASK_20260724_132104/hdMetrics_20260724_132104.mat,/mnt/disk1/rec_results_v3/3pachon/rec43_ORI_V4_FIRST30_MASK_20260724_132104/rec43_pachon_tf_7d__rec43_video039DLC_Resnet50_TAIL_V2Apr15shuffle1_snapshot_200_swimResults_pass2.mat :: pass2FileResult.heading_est,464234,0.860641741962473,1,1,1,0,-1.83821640308707,complete_turns,1
3pachon,/mnt/disk1/rec_results_v3/3pachon/rec44_ORI_V4_FIRST30_MASK_20260724_132317/hdMetrics_20260724_132317.mat,/mnt/disk1/rec_results_v3/3pachon/rec44_ORI_V4_FIRST30_MASK_20260724_132317/rec44_pachon_tf_7d_rec44_video040DLC_Resnet50_TAIL_V2Apr15shuffle1_snapshot_200_swimResults_pass2.mat :: pass2FileResult.heading_est,463676,0.799611841318873,0.833333333333333,2,2,0,-2.71197336522116,complete_turns,1
3pachon,/mnt/disk1/rec_results_v3/3pachon/rec45_ORI_V4_FIRST30_MASK_20260727_130453/hdMetrics_20260727_130453.mat,/mnt/disk1/rec_results_v3/3pachon/rec45_ORI_V4_FIRST30_MASK_20260727_130453/rec45_pachon_tf_7d__rec45_video042DLC_Resnet50_TAIL_V2Apr15shuffle1_snapshot_200_swimResults_pass2.mat :: pass2FileResult.heading_est,464364,0.91945968710111,0.972222222222222,3,0,3,3.44257709753923,complete_turns,1
3pachon,/mnt/disk1/rec_results_v3/3pachon/rec46_ORI_V4_FIRST30_MASK_20260727_113338/hdMetrics_20260727_113338.mat,/mnt/disk1/rec_results_v3/3pachon/rec46_ORI_V4_FIRST30_MASK_20260727_113338/rec46_pachon_tf_7d_rec46_video043DLC_Resnet50_TAIL_V2Apr15shuffle1_snapshot_200_swimResults_pass2.mat :: pass2FileResult.heading_est,464283,0.500925960357707,0.916666666666667,1,1,0,-1.27917532035998,complete_turns,1
3pachon,/mnt/disk1/rec_results_v3/3pachon/rec65_ORI_V4_FIRST30_MASK_20260724_132927/hdMetrics_20260724_132927.mat,/mnt/disk1/rec_results_v3/3pachon/rec65_ORI_V4_FIRST30_MASK_20260724_132927/rec65_pachon_tf_9d_rec65_video011DLC_Resnet50_TAIL_V2Apr15shuffle1_snapshot_200_swimResults_pass2.mat :: pass2FileResult.heading_est,463304,0.88552052909771,1,1,1,0,-1.12906158047988,complete_turns,1
3pachon,/mnt/disk1/rec_results_v3/3pachon/rec67_ORI_V4_FIRST30_MASK_20260724_133241/hdMetrics_20260724_133241.mat,/mnt/disk1/rec_results_v3/3pachon/rec67_ORI_V4_FIRST30_MASK_20260724_133241/rec67_pachon_tf_9d_rec67_video016DLC_Resnet50_TAIL_V2Apr15shuffle1_snapshot_200_swimResults_pass2.mat :: pass2FileResult.heading_est,464169,0.9012590561406,1,3,3,0,-3.49737011483219,complete_turns,1
3pachon,/mnt/disk1/rec_results_v3/3pachon/rec70_ORI_V4_FIRST30_MASK_20260728_113419/hdMetrics_20260728_113419.mat,/mnt/disk1/rec_results_v3/3pachon/rec70_ORI_V4_FIRST30_MASK_20260728_113419/rec70_pachon_tf_7d_rec70_video008DLC_Resnet50_TAIL_V2Apr15shuffle1_snapshot_200_swimResults_pass2.mat :: pass2FileResult.heading_est,464117,0.804910223288628,1,1,1,0,-0.86630069171982,complete_turns,1
